,location,bedrooms,bathrooms,price
0,150,4,4,155000
1,218,3,3,100000
2,166,3,3,75000
3,218,3,3,135000
4,174,3,2,50000
5,534,2,2,150000
6,375,2,2,100000
7,540,3,3,100000
8,513,4,2,85000
9,218,2,2,65000
10,429,2,2,95000
11,515,3,3,75000
12,214,3,2,65000
13,467,1,1,85000
14,458,3,3,220000
15,413,3,3,120000
16,534,1,1,50000
17,454,2,2,85000
18,496,1,1,13000
19,278,2,1,13000
20,471,1,1,13000
21,560,1,1,13000
22,477,2,1,14000
23,471,2,1,15000
24,529,1,1,15000
25,208,1,1,15000
26,556,2,1,15000
27,277,2,2,16000
28,200,1,1,16000
29,56,2,1,16000
30,370,1,1,16000
31,187,1,1,16000
32,223,3,3,98000
33,150,3,3,200000
34,487,1,1,16000
35,471,1,1,16000
36,66,1,1,17000
37,501,1,1,17000
38,478,2,2,17000
39,471,2,2,17000
40,402,2,2,17000
41,174,1,1,17500
42,474,2,2,18000
43,508,1,1,18000
44,155,1,1,20000
45,351,1,1,20000
46,199,2,2,20000
47,218,2,2,70000
48,64,2,2,75000
49,266,1,1,20000
50,69,2,2,20000
51,471,1,1,20000
52,423,2,2,20000
54,403,2,1,20000
55,232,2,2,20000
56,213,2,2,22000
57,164,2,1,22000
58,370,2,1,22000
59,467,3,3,280000
60,266,1,1,23000
61,232,2,2,23000
62,528,2,2,24000
63,346,1,1,24000
64,135,3,2,25000
65,266,2,2,25000
66,471,1,1,25000
67,174,2,2,25000
68,519,2,2,25000
69,345,2,1,25000
70,471,1,1,25000
71,281,3,3,100000
72,266,1,1,25000
73,70,2,1,25000
74,133,1,1,26000
75,371,1,1,27000
76,471,2,2,28000
77,507,2,2,28000
78,213,2,2,28000
79,266,2,2,28000
80,276,2,2,28000
82,326,5,5,200000
83,266,2,2,28000
84,234,1,1,30000
85,516,2,1,30000
86,420,2,2,30000
87,194,1,1,30000
88,214,1,1,30000
89,266,2,2,30000
91,42,1,1,30000
92,583,2,2,30000
93,343,1,1,30000
94,362,2,2,30000
95,266,1,1,30000
96,507,3,2,30000
97,511,2,2,175000
98,458,3,3,145000
99,315,2,2,30000
100,293,2,2,30000
101,339,2,2,30000
102,471,2,2,32000
103,367,1,1,32000
104,266,2,2,32500
105,122,3,2,33000
106,359,3,2,33000
107,233,3,3,33500
108,471,1,1,35000
109,209,2,2,35000
110,346,1,1,35000
111,214,1,1,35000
112,208,1,1,35000
113,246,2,2,130000
114,305,1,1,35000
115,174,2,2,35000
116,71,3,2,35000
117,174,2,2,35000
118,273,2,2,35000
119,266,2,2,35000
120,185,2,2,35000
121,248,2,1,35000
122,174,2,2,35000
123,101,1,1,35000
124,67,3,2,35000
125,373,3,2,35000
126,507,3,3,35000
127,110,3,3,90000
128,263,3,3,100000
129,266,2,1,35000
130,6,2,2,35000
131,540,1,1,35000
132,134,2,2,35000
133,507,3,2,35000
134,510,2,2,35750
135,127,2,2,37000
136,168,2,2,38000
137,471,2,2,38000
138,518,2,2,38000
139,363,3,2,38000
140,470,2,2,38000
141,471,3,2,38000
142,458,2,1,38000
143,204,3,2,240000
144,565,3,3,85000
145,289,1,1,38000
147,301,2,1,39000
148,267,2,2,40000
149,283,3,2,40000
150,349,1,1,40000
151,127,2,2,40000
152,364,2,2,40000
153,396,3,1,40000
154,348,2,2,40000
155,563,2,2,40000
156,571,1,1,40000
157,413,3,1,40000
158,348,2,2,40000
159,190,2,2,40000
160,513,2,2,40000
161,279,2,1,40000
162,422,3,3,40000
163,471,2,2,40000
164,266,2,2,40000
166,266,3,2,40000
168,280,2,1,40000
169,349,2,2,40000
170,471,2,2,40000
171,296,1,1,40000
172,196,2,2,40000
173,241,3,2,40000
175,313,3,2,40000
176,471,3,2,42000
177,441,2,1,42500
178,132,2,2,43000
179,525,2,2,43000
180,473,2,2,43000
181,348,2,2,43500
182,128,2,1,44000
183,315,2,2,44000
184,365,1,1,45000
185,266,2,2,45000
186,348,3,2,45000
187,188,2,2,45000
188,20,2,2,45000
189,214,2,2,45000
190,471,3,1,45000
191,471,2,2,45000
192,361,3,2,45000
193,346,2,2,45000
194,200,3,2,45000
195,507,3,3,45000
196,88,3,3,45000
197,515,2,2,45000
198,471,2,2,45000
199,248,2,2,45000
201,87,1,1,45000
202,174,3,1,45000
204,208,2,2,45000
205,177,4,4,45000
206,266,3,2,45000
207,267,2,2,45000
208,368,2,1,45000
209,284,1,1,45000
211,101,1,1,45000
212,413,2,1,45000
213,195,3,1,45000
214,208,2,2,45000
215,169,2,1,45000
216,517,3,2,45000
217,518,3,2,45000
218,208,2,2,46500
219,471,3,2,47000
220,476,2,2,48000
221,368,2,2,48000
222,218,1,1,48000
223,396,2,1,48000
224,53,2,2,48000
225,265,3,2,48000
226,266,3,2,50000
227,534,2,2,50000
228,214,2,2,50000
229,361,3,2,50000
230,206,3,3,50000
231,46,3,1,50000
232,189,3,2,50000
233,540,1,1,50000
234,439,2,2,50000
235,424,3,2,50000
236,368,3,2,50000
237,205,2,2,50000
238,124,2,2,50000
239,305,1,1,50000
240,346,3,2,50000
241,436,1,1,50000
242,564,3,3,50000
243,515,3,3,50000
244,526,2,2,50000
245,174,3,2,50000
246,4,2,1,50000
247,526,1,1,50000
248,555,3,3,50000
249,208,3,3,50000
250,218,1,1,50000
251,471,3,3,51000
252,594,2,2,52000
253,564,2,1,52000
254,208,2,2,52000
255,306,2,1,52500
256,266,3,3,54000
257,471,3,2,54000
258,123,2,2,55000
259,218,2,2,55000
260,141,1,1,55000
261,430,3,1,55000
262,214,2,2,55000
263,436,1,1,55000
264,208,3,2,55000
265,207,3,3,55000
266,186,2,2,55000
267,539,3,2,55000
268,124,2,2,55000
269,369,2,1,55000
270,253,2,2,55000
271,101,1,1,55000
272,378,3,2,55000
273,564,3,3,55000
274,271,2,2,55000
275,218,1,1,55000
276,266,3,2,55000
277,271,2,2,55000
278,218,1,1,55000
279,571,2,2,55000
280,253,3,2,55000
281,214,3,3,55000
282,461,1,1,55000
283,271,2,2,55000
284,186,3,2,55000
285,312,3,2,55000
286,186,3,1,55000
287,208,3,3,55000
288,208,3,3,55000
289,318,2,2,55000
290,237,2,2,55000
291,218,2,2,55000
292,340,2,2,55000
293,197,2,2,55000
294,602,2,2,55000
295,515,3,3,55000
296,253,2,2,55000
298,218,1,1,55000
299,214,3,3,55000
301,499,2,1,55000
302,214,2,1,55000
303,526,2,1,55000
304,574,3,3,55000
305,514,3,2,56000
306,515,3,3,56000
307,512,4,2,57750
308,193,2,2,58000
309,93,3,2,58500
310,438,2,2,59000
311,271,3,3,60000
312,348,3,2,60000
313,218,1,1,60000
314,154,1,1,60000
315,176,3,2,60000
316,253,2,2,60000
317,15,2,1,60000
318,214,2,2,60000
319,447,2,2,60000
320,454,2,1,60000
321,201,3,2,60000
322,568,2,2,60000
323,571,2,2,60000
324,580,2,2,60000
325,284,1,1,60000
326,270,2,2,60000
327,218,2,2,60000
328,214,2,1,60000
329,271,3,2,60000
330,540,2,2,60000
331,214,2,1,60000
332,515,3,2,60000
333,179,3,3,60000
334,31,2,2,60000
335,7,3,2,60000
336,96,3,2,60000
337,214,2,2,60000
338,253,3,2,60000
339,214,3,2,60000
340,436,3,2,60000
341,195,2,2,60000
342,534,3,3,60000
343,214,3,2,60000
344,208,4,4,60000
345,195,2,1,60000
347,471,3,1,60000
348,364,3,2,60000
349,436,1,1,60000
350,368,2,2,60000
351,271,2,2,60000
352,214,2,2,60000
353,214,2,2,60000
354,218,2,2,60000
356,125,3,2,60000
357,384,1,1,60000
358,270,2,2,60500
359,368,3,2,62000
360,379,2,2,62500
361,218,1,1,65000
362,139,2,2,65000
363,86,2,1,65000
364,531,2,2,65000
365,571,2,2,65000
366,580,3,2,65000
367,534,2,2,65000
368,271,3,3,65000
369,218,2,1,65000
370,214,2,2,65000
371,218,2,1,65000
372,101,2,1,65000
373,218,2,2,65000
374,173,2,2,65000
375,214,1,1,65000
376,436,3,2,65000
377,534,3,2,65000
378,35,2,1,65000
379,576,3,1,65000
380,300,1,1,65000
381,298,1,1,65000
382,526,2,2,65000
383,605,2,2,65000
384,214,2,2,65000
386,608,3,2,65000
388,568,3,2,65000
389,534,3,3,65000
390,314,1,1,65000
391,533,2,2,65000
392,272,2,2,65000
393,253,2,2,65000
394,225,2,2,65000
395,77,2,2,65000
397,530,2,2,65000
398,214,2,2,65000
399,61,2,2,65000
400,360,1,1,65000
401,214,2,2,65000
402,214,3,2,65000
403,214,2,2,65000
404,38,3,3,65000
405,311,3,3,65000
406,368,3,2,65000
407,153,1,1,65000
408,214,2,2,65000
409,578,1,1,65000
410,570,2,2,65000
411,570,3,2,65000
414,436,3,2,65000
417,257,2,2,65000
418,214,2,2,65000
419,500,3,1,65000
420,515,3,3,65000
421,214,2,1,65000
422,270,2,2,65000
423,214,2,2,65000
424,346,1,1,65000
425,218,2,1,65000
426,214,3,2,65000
427,256,3,2,65000
428,43,3,1,66000
429,365,3,2,66000
430,540,3,3,67000
431,214,2,2,67000
432,374,2,2,67500
433,579,3,2,67500
434,214,3,2,68000
435,136,2,2,68000
436,292,2,2,69997
437,211,2,2,70000
438,137,2,1,70000
439,218,2,1,70000
440,218,3,3,70000
441,570,3,2,70000
442,124,3,2,70000
443,310,3,3,70000
444,120,3,2,70000
445,126,3,2,70000
446,571,3,2,70000
447,568,3,2,70000
448,218,3,2,70000
449,548,3,2,70000
450,186,3,2,70000
451,534,3,3,70000
452,253,2,2,70000
453,530,2,1,70000
454,527,3,2,70000
455,214,2,2,70000
456,218,2,2,70000
457,218,2,1,70000
458,307,2,2,70000
459,318,3,2,70000
460,208,3,2,70000
461,37,2,2,70000
462,327,3,2,70000
463,238,4,3,70000
464,540,2,2,70000
465,448,3,1,70000
466,593,3,2,70000
467,356,4,4,70000
468,55,2,1,70000
469,471,3,2,70000
470,492,2,2,70000
471,253,3,2,70000
472,531,3,2,70000
473,218,2,2,70000
474,247,2,2,70000
475,540,2,2,70000
476,382,3,3,70000
477,214,2,1,70000
478,214,2,2,70000
479,214,3,2,70000
480,445,3,3,70000
481,437,2,2,70000
482,435,3,2,70000
483,253,3,3,70000
484,214,2,2,70000
485,218,1,1,70000
486,308,3,2,70000
487,28,3,3,70000
488,570,2,2,70000
490,115,3,2,70000
491,253,2,1,70000
492,368,3,2,70000
493,538,3,2,70000
494,354,2,2,70000
495,102,2,2,70000
496,253,1,1,70000
497,191,3,3,70000
498,357,3,2,70000
499,208,4,4,70000
501,540,2,2,70000
502,279,4,3,70000
503,218,3,1,70000
504,218,2,1,70000
505,310,3,3,72000
506,214,2,2,72500
507,490,3,3,73000
508,437,2,2,75000
509,23,2,2,75000
510,218,3,2,75000
511,107,3,2,75000
512,218,3,3,75000
513,567,2,2,75000
514,579,2,2,75000
515,571,3,2,75000
516,50,2,2,75000
517,253,3,3,75000
518,218,3,3,75000
519,253,2,2,75000
520,272,3,3,75000
521,218,2,2,75000
522,540,3,3,75000
523,540,2,2,75000
524,5,1,1,75000
525,253,2,2,75000
526,573,4,3,75000
527,455,2,2,75000
528,447,3,2,75000
529,447,3,2,75000
530,158,3,2,75000
531,124,4,3,75000
532,353,2,2,75000
533,534,3,3,75000
534,309,1,1,75000
535,436,3,3,75000
536,218,3,2,75000
537,366,3,3,75000
538,253,3,2,75000
539,253,3,3,75000
541,218,2,2,75000
542,540,2,2,75000
543,536,3,3,75000
544,414,3,2,75000
545,597,3,2,75000
546,579,3,2,75000
547,571,2,2,75000
548,598,3,2,75000
549,580,3,3,75000
552,60,3,2,75000
553,389,2,1,75000
555,440,4,3,75000
556,101,3,3,75000
557,167,3,2,75000
559,236,2,2,75000
560,552,2,2,75000
561,445,2,2,75000
562,335,2,1,75000
563,285,2,2,75000
564,253,2,2,75000
565,311,2,2,75000
566,218,2,2,75000
567,579,3,3,75000
568,570,3,2,75000
570,571,4,4,75000
571,467,2,2,75000
572,214,3,3,75000
573,11,2,2,75000
574,218,2,1,75000
576,218,2,1,75000
577,214,2,2,75000
579,58,3,2,75000
580,448,3,3,75000
581,218,2,2,75000
583,184,3,3,75000
584,92,2,2,75000
585,377,3,2,75000
586,350,3,2,75000
587,253,2,2,75000
588,218,3,1,75000
589,540,3,3,75000
590,214,3,1,75000
591,467,1,1,75000
593,436,4,2,75000
594,229,3,3,75000
595,158,3,2,75000
596,253,3,2,75000
597,413,2,2,75000
598,383,3,2,75000
599,253,2,2,75000
600,253,3,3,76000
601,34,3,3,77000
602,395,3,3,77000
603,261,2,2,78000
604,218,2,2,78000
605,218,3,2,78000
606,214,3,2,79000
607,447,3,3,80000
608,300,2,2,80000
609,264,2,2,80000
610,436,3,2,80000
611,436,3,3,80000
612,450,3,3,80000
613,415,4,3,80000
614,218,3,2,80000
615,580,3,2,80000
616,570,3,3,80000
617,570,4,4,80000
618,571,2,2,80000
619,577,3,2,80000
620,436,3,3,80000
621,438,3,3,80000
622,326,1,1,80000
623,401,1,1,80000
624,269,3,3,80000
625,540,3,3,80000
626,540,3,2,80000
627,458,3,1,80000
628,382,2,1,80000
629,372,1,1,80000
630,390,2,2,80000
631,218,2,2,80000
632,214,1,1,80000
633,218,3,2,80000
634,192,3,3,80000
635,599,3,3,80000
636,214,3,3,80000
638,436,2,2,80000
639,214,2,2,80000
640,454,2,2,80000
641,570,2,2,80000
642,526,3,3,80000
643,194,3,2,80000
644,13,2,2,80000
645,8,3,3,80000
646,566,3,3,80000
647,284,2,2,80000
648,562,3,2,80000
649,467,2,2,80000
650,316,4,1,80000
651,328,1,1,80000
652,218,1,1,80000
653,540,2,2,80000
654,504,3,3,80000
655,472,3,3,80000
656,467,3,3,80000
657,214,2,1,80000
658,253,2,2,80000
659,106,2,2,80000
660,229,3,3,80000
661,540,3,2,80000
662,471,4,3,80000
663,253,3,2,80000
664,230,3,2,80000
665,10,2,2,80000
666,263,2,2,80000
667,567,2,2,80000
668,579,3,2,80000
672,182,2,2,80000
673,592,3,3,80000
674,571,2,2,80000
675,218,3,2,80000
676,260,3,2,80000
677,368,2,1,80000
678,218,3,2,80000
679,253,3,3,80000
680,260,2,2,80000
681,218,4,3,80000
682,436,2,2,80000
683,253,2,2,80000
684,218,2,2,80000
685,436,3,2,80000
686,218,3,3,80000
687,329,3,3,80000
688,581,3,2,83000
689,435,2,2,85000
690,253,3,2,85000
691,218,2,2,85000
692,214,1,1,85000
693,218,3,3,85000
694,218,1,1,85000
695,333,2,2,85000
696,220,3,3,85000
697,215,3,2,85000
698,540,2,1,85000
699,344,2,2,85000
700,603,2,2,85000
701,247,2,2,85000
702,218,3,2,85000
703,579,2,2,85000
704,579,3,2,85000
705,540,4,4,85000
706,218,3,3,85000
707,218,3,3,85000
708,366,2,2,85000
709,467,2,2,85000
710,260,2,2,85000
711,253,3,2,85000
712,218,3,3,85000
713,323,3,1,85000
714,105,3,3,85000
715,570,3,2,85000
716,571,3,3,85000
717,83,2,2,85000
718,559,3,2,85000
719,73,3,2,85000
720,458,2,2,85000
721,446,4,4,85000
722,540,3,3,85000
723,218,3,2,85000
724,524,3,3,85000
725,101,3,1,85000
726,523,3,2,85000
727,214,1,1,85000
728,83,3,3,85000
729,399,3,3,85000
730,39,3,3,85000
731,330,3,3,85000
732,218,3,3,85000
733,165,3,3,85000
734,567,2,2,85000
735,584,3,2,85000
736,97,1,1,85000
737,218,2,2,85000
738,253,2,2,85000
739,218,2,2,85000
740,400,2,2,85000
741,317,4,4,85000
742,117,1,1,85000
743,558,3,2,85000
744,9,3,2,85000
745,290,3,2,85000
746,360,2,2,85000
747,590,2,2,85000
748,259,3,3,85000
749,218,3,3,85000
750,124,2,2,85000
751,227,2,2,85000
752,589,3,3,85000
753,436,3,3,85000
754,214,3,2,86000
755,214,3,3,86000
756,413,3,3,87000
757,540,2,2,87000
758,295,3,3,88000
759,540,3,1,89000
760,485,2,1,89996
761,239,1,1,90000
762,502,1,1,90000
763,230,1,1,90000
764,26,3,3,90000
765,27,3,3,90000
766,218,3,2,90000
767,218,3,2,90000
769,332,2,2,90000
770,44,3,3,90000
771,218,2,2,90000
772,253,3,2,90000
773,242,2,2,90000
774,253,3,2,90000
775,218,3,2,90000
776,83,2,2,90000
777,570,3,3,90000
778,570,2,2,90000
779,571,2,2,90000
780,438,3,3,90000
781,80,2,2,90000
782,354,2,2,90000
783,214,3,1,90000
784,413,3,3,90000
785,534,2,2,90000
786,208,2,2,90000
787,250,4,4,90000
788,511,1,1,90000
789,534,2,2,90000
790,540,3,3,90000
791,99,3,2,90000
792,294,3,2,90000
793,218,2,2,90000
794,393,3,2,90000
795,467,3,2,90000
796,218,3,3,90000
797,471,3,2,90000
798,467,3,3,90000
800,253,3,3,90000
801,541,3,2,90000
802,442,2,2,90000
803,25,3,3,90000
804,214,1,1,90000
805,253,2,2,90000
806,307,3,3,90000
807,570,3,2,90000
808,580,3,2,90000
809,52,2,2,90000
810,131,1,1,90000
811,183,3,3,90000
812,218,3,3,90000
813,253,3,2,90000
814,254,2,2,90000
815,118,3,3,90000
816,68,3,3,90000
817,218,3,2,90000
818,526,3,3,90000
819,214,3,3,90000
820,218,3,3,90000
821,368,3,3,90000
822,218,3,2,90000
824,571,3,2,90000
825,436,2,2,90000
826,368,3,3,90000
827,458,1,1,90000
828,98,1,1,90000
829,467,1,1,90000
830,540,3,2,90000
831,218,2,2,90000
832,540,3,3,90000
833,253,3,3,90000
834,159,3,1,90000
835,12,3,3,90000
836,215,3,3,90000
837,214,3,3,90000
838,63,2,2,90000
839,284,2,2,90000
840,549,2,2,90000
842,214,2,1,90000
843,109,3,3,90000
844,112,3,3,90000
845,108,3,3,90000
847,95,3,2,90000
848,540,1,1,90000
849,253,4,4,90000
850,218,2,2,90000
851,253,1,1,90000
852,458,1,1,90000
853,498,2,2,90000
854,75,3,3,90000
855,447,3,3,90000
856,436,3,3,90000
857,445,3,3,90000
858,445,4,4,90000
859,214,3,3,90000
860,453,4,4,90000
861,214,2,2,90000
862,36,3,3,95000
863,540,2,2,95000
864,218,3,3,95000
865,458,1,1,95000
866,90,2,2,95000
867,218,4,4,95000
868,436,2,1,95000
869,218,2,1,95000
870,253,3,3,95000
871,530,3,2,95000
872,570,3,2,95000
873,570,3,3,95000
874,571,3,3,95000
875,425,2,2,95000
876,214,2,2,95000
877,540,2,2,95000
878,385,3,2,95000
879,284,2,2,95000
880,535,2,2,95000
881,447,2,2,95000
882,433,1,1,95000
884,324,3,3,95000
885,218,3,2,95000
887,571,3,2,95000
888,275,1,1,95000
889,502,3,3,95000
890,540,1,1,95000
891,214,3,3,95000
892,94,3,2,95000
893,296,2,2,95000
894,447,2,2,95000
895,534,3,2,95000
896,253,3,3,95000
897,502,3,3,95000
898,214,3,3,95000
899,30,1,1,95000
900,32,2,2,95000
901,534,4,3,95000
902,218,3,3,95000
905,218,4,3,95000
906,443,3,3,95000
907,530,3,3,95000
908,214,3,3,95000
909,276,2,2,95000
910,253,3,3,95000
911,286,4,2,96000
912,91,3,3,98000
913,210,3,3,98000
914,381,4,4,98000
915,218,3,3,98000
916,222,3,3,98000
917,228,3,2,100000
918,218,2,2,100000
919,253,3,1,100000
920,214,3,3,100000
922,467,3,3,100000
923,468,3,3,100000
924,551,1,1,100000
925,522,1,1,100000
926,162,5,4,100000
927,218,2,2,100000
928,40,3,3,100000
929,530,3,3,100000
930,290,3,3,100000
931,121,1,1,100000
932,428,4,3,100000
933,570,3,2,100000
934,570,3,3,100000
935,436,3,3,100000
936,413,4,3,100000
937,534,3,2,100000
938,358,3,3,100000
939,253,3,3,100000
940,534,3,3,100000
941,436,2,2,100000
942,540,3,2,100000
943,413,3,2,100000
944,436,3,3,100000
945,445,3,3,100000
946,195,2,2,100000
947,398,3,2,100000
948,307,2,2,100000
949,253,3,3,100000
950,291,3,3,100000
951,413,3,2,100000
952,447,4,3,100000
953,218,4,3,100000
954,240,3,2,100000
955,109,1,1,100000
956,253,3,2,100000
957,540,4,3,100000
958,540,3,2,100000
959,214,2,1,100000
960,540,2,1,100000
961,253,4,4,100000
962,2,3,3,100000
963,597,3,2,100000
965,570,4,4,100000
966,579,3,3,100000
968,571,3,3,100000
969,540,3,1,100000
970,475,2,2,100000
971,297,3,2,100000
972,284,2,2,100000
973,505,3,2,100000
974,586,2,2,100000
975,540,3,3,100000
976,540,2,2,100000
977,534,2,2,100000
978,100,1,1,100000
979,72,2,2,100000
980,218,3,2,100000
982,435,3,3,100000
983,467,3,2,100000
984,437,1,1,100000
985,391,2,1,100000
986,467,4,4,100000
987,83,3,1,100000
988,540,2,2,100000
989,214,2,2,100000
990,83,3,3,100000
991,214,3,3,100000
992,83,3,3,100000
993,489,3,3,100000
994,413,4,4,100000
995,540,2,1,100000
996,513,2,2,100000
997,239,3,2,100000
998,218,3,3,100000
999,298,1,1,100000
1000,221,2,2,100000
1002,109,3,3,100000
1003,244,2,2,100000
1004,148,3,3,100000
1006,584,3,3,100000
1007,80,2,2,100000
1008,218,3,2,100000
1009,413,3,2,100000
1010,511,1,1,100000
1011,218,1,1,100000
1012,531,3,3,100000
1013,148,3,3,100000
1014,380,3,3,100000
1015,150,3,2,100000
1016,491,3,3,100000
1017,540,2,2,100000
1018,372,1,1,100000
1019,214,1,1,100000
1020,214,2,1,100000
1021,214,2,2,100000
1022,218,3,3,100000
1023,372,1,1,100000
1024,216,2,2,100000
1025,214,3,3,100000
1026,453,4,4,100000
1027,253,3,2,100000
1028,22,4,4,100000
1029,413,3,3,100000
1030,372,1,1,100000
1031,263,3,3,100000
1032,550,3,2,102000
1033,262,1,1,105000
1034,214,2,2,105000
1035,495,1,1,105000
1036,83,2,2,110000
1037,218,3,2,110000
1038,436,3,3,110000
1039,218,3,3,110000
1040,465,1,1,110000
1041,218,3,2,110000
1042,224,1,1,110000
1043,111,3,3,110000
1044,178,3,3,110000
1045,438,3,3,110000
1046,579,3,2,110000
1047,570,3,3,110000
1048,567,3,3,110000
1049,182,3,3,110000
1050,330,3,2,110000
1051,186,4,3,110000
1052,150,2,2,110000
1053,413,3,3,110000
1054,458,3,3,110000
1055,253,3,3,110000
1056,458,3,3,110000
1057,218,3,3,110000
1058,540,4,3,110000
1059,103,1,1,110000
1060,606,3,3,110000
1061,298,2,2,110000
1062,545,1,1,110000
1063,451,3,3,110000
1064,491,2,2,110000
1066,597,4,3,110000
1067,597,3,3,110000
1068,253,1,1,110000
1069,540,1,1,110000
1070,368,6,6,110000
1071,54,3,1,110000
1072,582,3,3,110000
1073,455,3,3,110000
1074,448,4,3,110000
1075,537,3,3,110000
1076,331,2,2,110000
1077,436,1,1,110000
1078,51,3,3,110000
1079,502,3,3,110000
1080,467,3,3,110000
1081,148,2,2,110000
1082,253,3,3,110000
1083,467,3,3,110000
1084,540,3,3,110000
1085,413,3,2,110000
1086,84,3,3,110000
1087,218,3,2,110000
1088,253,4,2,110000
1089,85,3,3,110000
1090,218,2,2,110000
1091,567,4,3,110000
1092,571,3,3,110000
1093,171,3,3,110000
1094,83,4,3,110000
1095,218,3,2,110000
1096,540,1,1,110000
1097,467,3,2,110000
1098,253,3,2,110000
1099,540,1,1,110000
1100,214,3,3,110000
1101,218,2,2,110000
1102,231,3,3,110000
1103,412,4,4,110000
1104,355,3,2,110000
1105,342,1,1,110000
1106,540,1,1,110000
1107,437,2,2,110000
1109,484,1,1,110000
1110,436,3,2,110000
1111,253,3,2,110000
1112,218,2,2,110000
1113,214,3,3,112000
1114,41,3,3,112500
1115,494,3,3,115000
1116,451,3,3,115000
1117,413,3,2,115000
1118,544,3,3,115000
1119,540,3,2,115000
1120,534,2,1,115000
1121,413,4,2,115000
1122,218,3,2,115000
1123,467,3,1,115000
1124,288,1,1,115000
1125,540,3,3,115000
1126,218,3,3,115000
1127,119,3,2,115000
1128,218,2,2,115000
1129,434,3,3,115000
1130,432,3,3,115000
1131,540,3,3,115000
1132,214,3,3,115000
1133,218,3,3,115000
1134,218,3,3,115000
1135,253,4,4,115000
1136,431,3,3,115000
1137,480,3,3,115000
1138,433,3,3,115000
1139,246,1,1,115000
1140,325,3,3,115000
1141,253,3,3,118000
1142,387,3,2,120000
1143,116,3,2,120000
1144,255,2,2,120000
1145,435,3,3,120000
1146,447,3,3,120000
1147,253,3,2,120000
1148,116,4,4,120000
1149,172,1,1,120000
1150,219,3,2,120000
1151,89,4,3,120000
1152,150,3,3,120000
1153,503,2,2,120000
1154,253,3,3,120000
1155,467,3,3,120000
1156,457,3,1,120000
1157,451,2,1,120000
1158,467,3,3,120000
1159,150,4,4,120000
1160,388,4,3,120000
1161,218,3,3,120000
1162,214,3,3,120000
1163,540,3,3,120000
1164,437,3,3,120000
1165,435,3,3,120000
1166,534,3,3,120000
1167,484,3,3,120000
1168,109,3,3,120000
1169,214,2,2,120000
1170,83,4,2,120000
1171,540,1,1,120000
1172,467,3,3,120000
1173,253,3,3,120000
1174,33,3,3,120000
1175,506,3,3,120000
1176,218,3,3,120000
1177,109,1,1,120000
1178,410,1,1,120000
1179,299,3,3,120000
1180,89,4,2,120000
1181,89,3,2,120000
1182,218,2,2,120000
1183,540,3,2,120000
1184,467,3,2,120000
1185,303,3,3,120000
1186,214,3,3,120000
1187,413,4,4,120000
1188,218,4,3,120000
1189,607,1,1,120000
1190,411,3,2,120000
1191,253,3,3,120000
1192,467,2,2,120000
1193,520,3,3,120000
1194,436,3,3,120000
1195,214,3,2,120000
1196,143,3,3,120000
1197,456,3,3,120000
1198,498,2,2,120000
1199,226,3,2,120000
1201,436,3,3,120000
1202,601,3,3,120000
1203,218,1,1,120000
1204,218,3,3,120000
1205,302,3,3,120000
1206,214,3,3,120000
1207,253,3,3,120000
1208,540,3,3,120000
1209,148,1,1,120000
1210,252,4,3,120000
1211,150,2,2,120000
1212,3,3,3,120000
1213,202,3,3,120000
1214,334,2,2,120000
1215,244,2,2,120000
1216,214,3,3,120000
1217,567,4,4,120000
1218,218,3,3,120000
1219,161,3,3,120000
1220,542,1,1,120000
1222,253,2,2,120000
1223,78,4,3,120000
1224,158,3,2,120000
1225,444,3,3,120000
1226,284,3,3,120000
1227,218,2,2,120000
1228,160,3,3,120000
1229,575,3,2,120000
1230,358,3,3,120000
1231,554,3,1,120000
1232,445,2,2,120000
1233,540,2,2,120000
1236,540,1,1,120000
1237,214,2,2,120000
1238,214,3,3,120000
1239,437,3,2,120000
1240,218,4,1,120000
1241,218,3,3,120000
1242,459,3,1,120000
1243,467,3,3,120000
1244,218,1,1,120000
1245,540,4,1,120000
1246,467,4,4,120000
1247,468,2,2,120000
1248,195,2,2,120000
1249,540,2,2,120000
1250,150,3,3,122000
1251,436,3,2,123000
1252,150,3,3,125000
1253,462,3,3,125000
1254,89,3,3,125000
1255,413,3,3,125000
1256,218,2,2,125000
1257,214,3,3,125000
1258,570,3,3,125000
1259,597,3,3,125000
1260,218,2,2,125000
1262,89,3,3,125000
1263,509,2,2,125000
1264,540,2,2,125000
1265,436,4,4,125000
1266,253,3,3,125000
1267,260,3,3,125000
1268,436,3,3,125000
1269,218,3,3,125000
1270,540,3,2,125000
1271,253,3,3,125000
1272,467,3,3,125000
1273,540,3,3,128000
1274,387,4,4,130000
1275,137,3,3,130000
1276,212,3,2,130000
1277,540,3,3,130000
1278,540,3,3,130000
1279,482,2,2,130000
1280,400,2,2,130000
1281,352,2,2,130000
1282,437,3,2,130000
1283,569,3,3,130000
1284,180,3,3,130000
1285,462,3,3,130000
1286,253,2,2,130000
1287,83,3,3,130000
1288,540,3,3,130000
1289,150,3,3,130000
1290,337,2,2,130000
1291,218,3,3,130000
1292,101,2,2,130000
1293,437,4,3,130000
1294,540,3,3,130000
1295,368,2,2,130000
1296,214,4,3,130000
1297,76,3,3,130000
1298,585,3,2,130000
1299,29,4,4,130000
1300,458,2,2,130000
1301,195,2,2,130000
1302,467,3,3,130000
1303,567,3,3,130000
1304,469,2,2,130000
1305,531,4,3,130000
1306,481,3,3,130000
1307,413,1,1,130000
1308,467,3,3,130000
1309,218,3,3,130000
1310,49,3,2,130000
1311,466,3,3,130000
1312,214,3,2,130000
1315,427,3,3,130000
1316,17,3,3,130000
1317,358,3,3,130000
1318,253,3,3,130000
1319,467,3,3,130000
1320,214,3,3,130000
1321,467,3,3,130000
1322,540,4,2,130000
1323,284,1,1,130000
1324,458,3,3,130000
1325,475,2,2,130000
1326,540,4,1,130000
1327,467,4,3,130000
1328,467,3,3,130000
1329,253,2,2,130000
1330,467,2,1,130000
1331,408,3,3,130000
1332,436,3,3,130000
1333,218,4,4,130000
1334,561,2,2,130000
1335,217,4,3,130000
1336,218,3,3,130000
1338,458,3,3,130000
1341,479,3,3,130000
1342,214,3,2,130000
1343,181,4,3,130000
1344,413,4,3,130000
1345,253,2,2,130000
1346,595,3,3,130000
1347,251,4,4,130000
1348,436,3,3,130000
1349,150,3,3,130000
1350,170,2,2,130000
1351,253,4,4,130000
1352,282,3,3,130000
1353,521,3,3,130000
1354,413,4,4,130000
1355,456,3,1,130000
1356,253,4,3,130000
1357,481,3,3,130000
1358,253,3,1,130000
1361,426,3,3,130000
1362,546,1,1,130000
1363,214,3,3,130000
1364,24,3,3,130000
1365,467,3,2,130000
1366,427,3,3,132000
1367,218,3,3,132000
1368,203,1,1,133000
1369,570,4,3,135000
1370,253,3,3,135000
1371,534,4,3,135000
1372,150,3,3,135000
1373,214,3,3,135000
1374,412,4,4,135000
1375,437,1,1,135000
1376,246,2,2,135000
1377,19,3,3,135000
1378,421,2,2,135000
1379,253,3,2,135000
1380,534,4,3,135000
1381,77,3,3,135000
1382,540,2,2,135000
1383,535,2,2,135000
1384,449,4,3,135000
1385,436,3,3,136000
1386,319,3,2,140000
1387,458,1,1,140000
1388,148,4,4,140000
1389,433,3,3,140000
1390,463,2,2,140000
1391,253,3,3,140000
1392,253,4,4,140000
1393,298,2,2,140000
1394,347,1,1,140000
1395,467,2,1,140000
1396,262,2,2,140000
1397,407,3,3,140000
1398,246,3,2,140000
1399,386,3,3,140000
1400,256,3,3,140000
1401,218,3,3,140000
1402,214,4,4,140000
1403,82,1,1,140000
1404,413,3,1,140000
1405,534,4,3,140000
1406,175,4,3,140000
1407,253,1,1,140000
1408,436,4,3,140000
1409,121,2,2,140000
1410,376,3,2,140000
1411,540,2,2,140000
1412,413,3,3,140000
1413,273,3,3,140000
1414,320,2,2,140000
1415,366,2,2,140000
1416,464,1,1,140000
1417,572,2,2,140000
1418,597,3,3,140000
1419,413,3,3,140000
1420,82,3,3,140000
1421,84,3,3,140000
1422,540,3,3,140000
1423,214,3,2,140000
1424,467,3,3,140000
1425,253,3,3,140000
1426,407,3,3,140000
1427,214,2,2,140000
1428,253,3,3,140000
1429,218,2,2,140000
1430,534,2,2,140000
1431,467,2,2,140000
1432,218,3,2,140000
1433,218,2,2,140000
1434,150,3,2,140000
1435,600,2,2,140000
1436,150,2,2,140000
1438,543,3,3,140000
1439,588,3,3,140000
1440,467,4,3,140000
1441,540,2,2,140000
1442,218,2,2,140000
1443,45,4,4,140000
1444,467,3,3,140000
1445,163,4,4,145000
1446,218,3,3,145000
1447,513,3,3,145000
1448,140,3,3,145000
1449,413,4,4,145000
1450,567,3,3,145000
1451,540,2,2,145000
1452,218,3,3,145000
1454,59,2,2,150000
1455,218,4,4,150000
1456,406,4,4,150000
1457,245,2,2,150000
1458,243,2,2,150000
1459,467,3,3,150000
1460,150,3,3,150000
1461,408,4,4,150000
1462,491,4,4,150000
1463,411,4,3,150000
1464,540,4,4,150000
1465,214,4,4,150000
1466,253,2,2,150000
1467,218,2,2,150000
1468,540,4,3,150000
1469,284,3,3,150000
1470,249,4,4,150000
1471,14,3,3,150000
1472,214,4,3,150000
1473,467,3,3,150000
1474,223,2,2,150000
1475,436,3,3,150000
1476,468,3,2,150000
1477,218,3,3,150000
1478,540,2,2,150000
1479,591,4,4,150000
1480,218,2,2,150000
1481,21,1,1,150000
1482,258,2,2,150000
1483,138,3,3,150000
1484,433,4,3,150000
1485,195,2,2,150000
1486,218,4,4,150000
1487,513,2,1,150000
1488,409,3,3,150000
1489,18,3,3,150000
1490,253,3,2,150000
1492,436,4,1,150000
1493,214,3,3,150000
1494,372,4,2,150000
1495,452,3,2,150000
1496,553,4,4,150000
1497,604,4,4,150000
1498,587,3,3,150000
1499,435,3,3,150000
1500,83,3,3,150000
1501,79,3,3,150000
1502,218,3,3,150000
1503,150,2,2,150000
1504,488,4,4,150000
1505,214,4,4,150000
1506,208,3,2,150000
1507,540,4,3,150000
1508,540,4,4,150000
1509,540,1,1,150000
1510,268,2,2,150000
1511,16,2,2,150000
1512,77,2,2,150000
1513,417,2,2,150000
1514,540,2,2,150000
1515,83,3,3,150000
1516,172,3,1,150000
1517,214,2,2,150000
1520,540,2,2,150000
1521,81,4,4,150000
1522,436,3,2,150000
1523,540,4,4,150000
1524,296,3,3,150000
1525,413,4,2,150000
1526,540,3,3,150000
1528,235,2,2,150000
1529,107,3,2,150000
1530,47,3,2,150000
1531,242,3,3,150000
1532,61,3,2,150000
1533,486,2,2,150000
1534,59,3,2,150000
1535,156,3,2,150000
1536,204,2,2,150000
1537,298,4,3,150000
1538,360,1,1,150000
1539,557,3,3,150000
1542,540,3,2,150000
1543,467,2,2,150000
1544,144,4,4,150000
1545,77,3,3,150000
1546,214,3,2,150000
1547,253,4,4,150000
1548,436,3,3,150000
1549,483,2,2,150000
1550,218,2,2,150000
1551,83,3,1,150000
1552,253,4,4,150000
1553,428,3,1,150000
1554,300,3,2,150000
1555,253,3,3,150000
1556,218,2,2,150000
1557,214,3,3,150000
1558,540,2,2,150000
1559,413,2,2,155000
1560,83,3,2,155000
1561,149,4,4,155000
1562,83,3,2,155000
1563,458,3,2,155000
1564,540,4,3,158000
1565,319,4,3,160000
1566,148,2,2,160000
1567,156,1,1,160000
1568,253,4,3,160000
1569,570,4,4,160000
1570,253,4,4,160000
1571,397,4,3,160000
1572,445,3,3,160000
1573,150,3,3,160000
1574,540,3,2,160000
1575,540,2,2,160000
1576,156,3,2,160000
1577,392,2,2,160000
1578,82,3,3,160000
1579,540,3,1,160000
1580,150,3,2,160000
1581,436,1,1,160000
1582,157,3,3,160000
1583,404,3,3,160000
1584,497,4,4,160000
1585,532,3,3,160000
1586,530,3,3,160000
1587,497,2,1,160000
1588,467,3,3,160000
1589,214,2,2,160000
1590,83,4,4,160000
1591,336,3,2,160000
1592,526,3,1,160000
1593,150,3,3,160000
1594,113,4,4,160000
1595,150,2,2,160000
1596,394,3,3,160000
1597,341,3,3,160000
1598,104,2,2,160000
1599,467,3,3,160000
1600,296,3,2,160000
1601,198,2,2,160000
1602,540,1,1,160000
1604,467,3,3,160000
1605,214,2,2,160000
1606,1,4,4,160000
1607,147,4,4,160000
1608,253,2,2,160000
1609,413,3,3,160000
1610,407,4,4,160000
1611,218,3,3,160000
1613,148,4,4,160000
1614,435,3,1,160000
1616,570,3,3,160000
1617,146,4,4,160000
1618,271,4,4,160000
1619,540,2,2,160000
1620,545,2,2,160000
1621,60,3,3,160000
1622,148,4,4,160000
1623,218,2,2,160000
1624,321,4,3,160000
1625,540,2,2,160000
1626,534,1,1,160000
1627,274,3,2,160000
1628,83,3,3,160000
1629,394,3,3,165000
1630,436,3,3,165000
1631,61,3,3,165000
1632,320,4,4,165000
1633,413,4,1,165000
1634,150,3,3,165000
1635,152,3,3,165000
1636,48,3,1,165000
1637,147,3,3,165000
1638,540,4,3,165000
1639,83,4,3,165000
1640,416,2,2,165000
1641,218,3,3,165000
1642,253,2,2,165000
1643,129,2,2,165000
1644,62,3,3,170000
1645,148,3,3,170000
1646,65,3,2,170000
1647,235,3,3,170000
1648,418,2,2,170000
1649,142,3,3,170000
1650,597,3,3,170000
1651,405,3,3,170000
1652,413,3,3,170000
1653,148,3,3,170000
1654,152,3,3,170000
1655,372,3,3,170000
1656,147,4,4,170000
1657,77,3,3,170000
1658,109,2,2,170000
1659,493,3,3,170000
1660,57,3,3,170000
1661,0,2,2,170000
1662,304,2,2,170000
1663,481,3,3,170000
1664,413,2,2,170000
1665,150,2,2,170000
1666,86,1,1,170000
1667,218,2,2,170000
1668,218,3,3,170000
1669,287,3,3,170000
1670,109,2,2,170000
1671,405,3,3,170000
1672,218,5,5,170000
1673,467,3,3,170000
1674,322,4,3,170000
1675,218,1,1,170000
1676,540,3,3,170000
1677,77,3,3,170000
1678,411,4,3,170000
1679,150,3,3,170000
1680,130,3,2,170000
1681,467,3,3,170000
1683,218,3,3,172000
1684,413,4,4,172000
1685,145,3,1,175000
1686,150,3,1,175000
1687,150,3,3,175000
1688,151,4,4,175000
1689,150,4,3,175000
1690,218,2,2,175000
1691,413,3,3,175000
1692,150,4,4,175000
1693,114,4,4,175000
1694,150,3,3,175000
1695,460,3,3,175000
1696,150,3,3,175000
1698,545,4,4,175000
1699,547,2,2,180000
1700,387,3,3,180000
1701,498,3,1,180000
1702,235,2,2,180000
1703,596,4,4,180000
1704,219,3,3,180000
1705,218,3,3,180000
1706,526,4,4,180000
1707,540,1,1,180000
1708,338,2,2,180000
1709,74,3,3,180000
1710,83,3,3,180000
1711,246,3,1,180000
1712,419,2,2,180000
1713,214,4,4,180000
1714,540,4,4,180000
1715,218,2,1,180000
